CORPORATE_IDENTIFICATION_NUMBER,Company_Name,Company_status,Company_class,Company_Category,Company_sub_category,DATE_OF_REGISTRATION,REGISTERED_STATE,AUTHORIZED_CAP,PAIDUP_CAPITAL,Industrial_Class,PRINCIPAL_BUSINESS_ACTIVITY_AS_PER_CIN,Registered_Office_Address,REGISTRAR_OF_COMPANIES,EMAIL_ADDR,Latest_Year_AR,Latest_Year_BS
L00063DL2005PLC139045,AKG EXIM LIMITED,Active,Public,Company limited by Shares,Non-govt company,26-07-05,Delhi,107500000,105921920,63,Unclassified,"408-411 PEARLS CORPORATE,MANGALAM PLACE SECTOR - 3, ROHINI, BEHIND KALI MATA TEMPLE DELHI , Unclassified DL 110085",RoC-Delhi,csakg@akg-global.com,31-03-20,31-03-20
L01100DL1974PLC241646,OMANSH ENTERPRISES LIMITED,Active,Public,Company limited by Shares,Non-govt company,20-03-74,Delhi,35500000,35500000,1100,"Agriculture, hunting and related service activities","SHOP NO. QD-37, DDA MARKET, PITAMPURA NEW DELHI , North West Unclassified DL 110034",RoC-Delhi,omanshwork@gmail.com,31-03-20,31-03-20
L01100DL1981PLC012736,SAI BABA INVESTMENT AND COMMERCIALENTERPRISES LIMITED,Active,Public,Company limited by Shares,Non-govt company,30-11-81,Delhi,150000000,112650000,1100,"Agriculture, hunting and related service activities","33/36, Basement, West Patel Nagar, New Delhi , Central Delhi Unclassified DL 110008",RoC-Delhi,saibabacommercials@gmail.com,31-03-19,31-03-19
L01111DL1983PLC015969,CONTINENTAL SEEDS AND CHEMICALS LIMITED,Active,Public,Company limited by Shares,Non-govt company,22-06-83,Delhi,120000000,100028080,1111,"Agriculture, hunting and related service activities","FOURTH FLOOR, C-67, DDA SHEDS, OKHLA PHASE-1 NEW DELHI NEW DELHI , South Delhi Unclassified DL 110020",RoC-Delhi,info@continentalseeds.co.in,31-03-20,31-03-20
L01111DL1983PLC016643,PARAM INDUSTRIES LIMITED,Amalgamated,Public,Company limited by Shares,Non-govt company,28-09-83,Delhi,100000000,43294800,1111,"Agriculture, hunting and related service activities","IIND FLOOR 43 DARYA GANJ NEW DELHI , Unclassified DL 110002",RoC-Delhi,NA,NA,NA
L01111DL1985PLC021268,SEMAYA LIMITED,Active,Public,Company limited by Shares,Non-govt company,21-06-85,Delhi,56000000,54505000,1111,"Agriculture, hunting and related service activities","FLAT NO.211, ANTRIKSH BHAWAN 22 KG MARG CONNAUGHT PLACE NEW DELHI , New Delhi Unclassified DL 110001",RoC-Delhi,semayalimited@gmail.com,31-03-20,31-03-20
L01111DL1993PLC052845,KRBL LIMITED,Active,Public,Company limited by Shares,Non-govt company,30-03-93,Delhi,300000000,235389892,1111,"Agriculture, hunting and related service activities","5190,LAHORI GATE DELHI , Unclassified DL 110006",RoC-Delhi,investor@krblindia.com,31-03-20,31-03-20
L01119DL1986PLC023698,DR. M. INDUSCORP LIMITED,Active,Public,Company limited by Shares,Non-govt company,21-03-86,Delhi,150000000,76301580,1119,"Agriculture, hunting and related service activities","18B/1, GROUND FLOOR, D.B. GUPTA ROAD, DEV NAGAR, KAROL BAGH , Central Delhi Unclassified DL 110005",RoC-Delhi,drmsoy@gmail.com,31-03-20,31-03-20
L01119DL1990PLC040979,HINDUSTAN AGRIGENTICS LIMITED,Active,Public,Company limited by Shares,Non-govt company,25-07-90,Delhi,50000000,44002000,1119,"Agriculture, hunting and related service activities","806, MEGHDOOT 94,NEHRU PLACE NEW DELHI , New Delhi Unclassified DL 110019",RoC-Delhi,hindustanagrigenetics@gmail.com,31-03-19,31-03-19
L01122DL1984PLC018307,AAYUSH FOOD AND HERBS LIMITED,Active,Public,Company limited by Shares,Non-govt company,02-06-84,Delhi,35000000,32450000,1122,"Agriculture, hunting and related service activities","W-321, Ground Floor Chirag Delhi Delhi , South Delhi Unclassified DL 110017",RoC-Delhi,aayushfoodherbs@gmail.com,31-03-20,31-03-20
L01122DL1990PLC042207,SC AGROTECH LIMITED,Active,Public,Company limited by Shares,Non-govt company,28-11-90,Delhi,700000000,59950000,1122,"Agriculture, hunting and related service activities","Rz-1484/28, GROUND FLOOR TUGHLAKABAD EXT NEW DELHI , South Delhi Unclassified DL 110019",RoC-Delhi,sheel102@gmail.com,31-03-20,31-03-20
L01403DL1983PLC015704,SHIVAMSHREE BUSINESSES LIMITED,Active,Public,Company limited by Shares,Non-govt company,12-05-83,Delhi,50000000,45650000,1403,"Agriculture, hunting and related service activities","A-31, Gali No.2, Madhu Vihar, Hanuman Mandir Delhi , East Delhi Unclassified DL 110092",RoC-Delhi,siddarth.businesses@gmail.com,31-03-19,31-03-19
L01409DL1986PLC024284,VARUNA AGROPROTINS LIMITED,Under liquidation,Public,Company limited by Shares,Non-govt company,21-05-86,Delhi,75000000,29780900,1409,"Agriculture, hunting and related service activities","82BMADANGIR VILLAGE NEW DELHI , Unclassified DL 110062",RoC-Delhi,NA,NA,NA
L10100DL1998PLC095131,KUMAUN MINERALS AND CHEMICALS (INDIA) LIMITED.,Strike Off,Public,Company limited by Shares,Non-govt company,23-07-98,Delhi,500000,500000,10100,Mining of coal and lignite; extraction of peat,"4/43 SAFDARJUNG ENCLAVE IIND FLOOR NEW DELHI , Unclassified DL 000000",RoC-Delhi,NA,NA,NA
L13100DL1976PLC188942,LANDMARK PROPERTY DEVELOPMENT COMPANYLIMITED,Active,Public,Company limited by Shares,Non-govt company,28-12-76,Delhi,141000000,134143160,13100,Mining of metal ores,"11th Floor, Narain Manzil, 23 Barakhamba Road, New Delhi , Unclassified DL 110001",RoC-Delhi,abhatia@landmarkholdings.in,31-03-20,31-03-20
L13203DL1985PLC021536,SAJJAN COMMERCIAL ENTERPRISES LTD,Active,Public,Company limited by Shares,Non-govt company,23-03-85,Delhi,5000000,4960000,13203,Mining of metal ores,"VARDAN HOUSE 17A/39, AJMAL KHAN ROAD, WEA, KAROL BAG NEW DELHI , Unclassified DL 110005",RoC-Delhi,RIDDHISIDDHIDEVELOPERS@GMAIL.COM,31-03-20,31-03-20
L15140DL1991PLC046327,SWARNIME OIL INDUSTRIES LIMITED,Not Available for eFiling,Public,Company limited by Shares,Non-govt company,07-11-91,Delhi,40000000,700,15140,Manufacture of food products and beverages,"51/40 EPDP COLONY C.R PARK NEWDELHI , Unclassified DL 000000",RoC-Delhi,NA,NA,NA
L15142DL1974PLC007349,MODI NATURALS LIMITED,Active,Public,Company limited by Shares,Non-govt company,06-07-74,Delhi,200000000,126563970,15142,Manufacture of food products and beverages,"405, Deepali Building 92, Nehru Place New Delhi , Unclassified DL 110019",RoC-Delhi,anilmodi@modinaturals.com,31-03-20,31-03-20
L15142DL1987PLC029899,RELIANCE INFOTEK LIMITED,Active,Public,Company limited by Shares,Non-govt company,26-11-87,Delhi,12500000,12200000,15142,Manufacture of food products and beverages,"H.No.41, KH No.72,Gali No.4,G/F- Hargovind Enclave Rajpur Khurd Ext New Delhi , New Delhi Unclassified DL 110068",RoC-Delhi,sk53jain@gmail.com,31-03-13,31-03-13
L15142DL1990PLC039291,TARAI FOODS LIMITED,Active,Public,Company limited by Shares,Non-govt company,20-02-90,Delhi,335000000,153641200,15142,Manufacture of food products and beverages,"13, HANUMAN ROAD, CONNAUGHT PLACE NEW DELHI , Unclassified DL 110001",RoC-Delhi,taraifoods@gmail.com,31-03-20,31-03-20
L15142DL1991PLC046469,SUPERIOR INDUSTRIAL ENTERPRISES LIMITED,Active,Public,Company limited by Shares,Non-govt company,25-11-91,Delhi,150000000,138500000,15142,Manufacture of food products and beverages,"25 BAZAR LANEBENGALI MARKET NEW DELHI , Unclassified DL 110001",RoC-Delhi,info@superiorindustrial.in,31-03-20,31-03-20
L15142DL1992PLC049498,CHAND VANASPATI LIMITED,Strike Off,Public,Company limited by Shares,Non-govt company,09-07-92,Delhi,40000000,31763250,15142,Manufacture of food products and beverages,"D-9/4 MODEL TOWN NEW DELHI , Unclassified DL 110009",RoC-Delhi,jaskansal@yahoo.co.in,31-03-06,31-03-06
L15202DL1959PLC003786,NESTLE INDIA LIMITED,Active,Public,Company limited by Shares,Non-govt company,28-03-59,Delhi,1000000000,964157160,15202,Manufacture of food products and beverages,"100 / 101, WORLD TRADE CENTRE, BARAKHAMBA LANE, NEW DELHI , Central Delhi Unclassified DL 110001",RoC-Delhi,investor@in.nestle.com,31-12-19,31-12-19
L15310DL1988PLC033651,MAHAVIRA FOODS LIMITED,Active,Public,Company limited by Shares,Non-govt company,26-10-88,Delhi,35000000,29173000,15310,Manufacture of food products and beverages,"BUILDING NO - 3405, 4TH FLOOR, GALI NO - 1 D. B. GUPTA ROAD, KAROL BAGH, NEAR MANAS MANDIR DELHI , New Delhi Unclassified DL 110005",RoC-Delhi,SHOODA96@GMAIL.COM,31-03-18,31-03-17
L15310DL1991PLC043456,KUMAR FOOD INDUSTRIES LIMITED,Active,Public,Company limited by Shares,Non-govt company,13-03-91,Delhi,100000000,30000000,15310,Manufacture of food products and beverages,"71/1, SIRASPUR DELHI , North West Unclassified DL 110042",RoC-Delhi,cs@kumarfood.com,31-03-20,31-03-20
L15311DL1993PLC052624,DFM FOODS LIMITED,Active,Public,Company limited by Shares,Non-govt company,17-03-93,Delhi,150000000,100541760,15311,Manufacture of food products and beverages,"8377, ROSHANARA ROAD DELHI , Unclassified DL 110007",RoC-Delhi,dfm@dfmfoods.com,31-03-20,31-03-20
L15319DL1985PLC021348,FOCUS INDUSTRIAL RESOURCES LIMITED,Active,Public,Company limited by Shares,Non-govt company,27-06-85,Delhi,125000000,121941990,15319,Manufacture of food products and beverages,"104 MUKAND HOUSECOMMERCIAL COMPLEX AZAPUR DELHI NEW DELHI , Unclassified DL 110033",RoC-Delhi,info@focuslimited.in,31-03-19,31-03-19
L15419DL1987PLC350285,MAHAAN FOODS LIMITED,Active,Public,Company limited by Shares,Non-govt company,13-03-87,Delhi,200000000,35007000,15419,Manufacture of food products and beverages,"M-19, 1st Floor, M-Block Market, Greater Kailash-II New Delhi , South Delhi Unclassified DL 110048",RoC-Delhi,csmfl@mahaanfoods.com,31-03-20,31-03-20
L15421DL1952PLC354222,GOBIND SUGAR MILLS LTD.,Active,Public,Company limited by Shares,Non-govt company,18-08-52,Delhi,2000000000,44730470,15421,Manufacture of food products and beverages,"Birla Mill Complex, P.O. Birla Lines G T Road, Near Clock Tower Kamla Nagar , North Delhi Unclassified DL 110007",RoC-Delhi,ig.gsml@adventz.com,31-03-20,31-03-20
L15421DL1956PLC002652,BASTI SUGAR MILLS CO LTD,Amalgamated,Public,Company limited by Shares,Non-govt company,12-04-56,Delhi,100000000,82000000,15421,Manufacture of food products and beverages,"207, Essel House 10, Asaf Ali Road Delhi , Central Delhi Unclassified DL 110006",RoC-Delhi,prasad.upendra@gmail.com,31-03-12,31-03-12
L15421DL2002PLC118184,MAWANA SUGARS LIMITED,Amalgamated,Public,Company limited by Shares,Non-govt company,26-12-02,Delhi,750000000,424680000,15421,Manufacture of food products and beverages,"6th Floor, Kirti Mahal, 19, Rajendra Place, New Delhi , Unclassified DL 110008",RoC-Delhi,secretarialdeptt@mawanasugars.com,30-09-06,30-09-06
L15491DL1985PLC019848,VISISTH CHAY VYAPAR LIMITED,Active,Public,Company limited by Shares,Non-govt company,16-01-85,Delhi,200000000,199990000,15491,Manufacture of food products and beverages,"A-446, BASEMENT, DEFENCE COLONY NEW DELHI , Unclassified DL 110024",RoC-Delhi,visisthcvl17@gmail.com,31-03-20,31-03-20
L15500DL1994PLC153183,REGENT ENTERPRISES LIMITED,Active,Public,Company limited by Shares,Non-govt company,13-07-94,Delhi,800000000,334563480,15500,Manufacture of food products and beverages,"E-205 (LGF) GREATER KAILASH-II NEW DELHI , South Delhi Unclassified DL 110048",RoC-Delhi,legal@regententerprises.in,31-03-20,31-03-20
L15511DL1985PLC021272,LACY LIMITED,Active,Public,Company limited by Shares,Non-govt company,21-06-85,Delhi,78000000,77210000,15511,Manufacture of food products and beverages,"Flat No.211, Antriksh Bhawan 22 K. G. Marg, Connaught Place, New Delhi , New Delhi Unclassified DL 110001",RoC-Delhi,lacylimited2020@gmail.com,31-03-20,31-03-20
L15549DL1909PLC005478,HINDUSTAN BREWERIES AND BOTTLING LIMITED,Active,Public,Company limited by Shares,Non-govt company,09-09-09,Delhi,60000000,59980250,15549,Manufacture of food products and beverages,"G-8, HOUSE NO 129, ROHINI, SECTOR 16 NEAR METRO RITHALA NURSARY PARK NEW DELHI , New Delhi Unclassified DL 110089",RoC-Delhi,ra_hindustan@yahoo.co.in,31-03-20,31-03-20
L15549DL1962PLC003726,JOHN OAKEY AND MOHAN LIMITED,Active,Public,Company limited by Shares,Non-govt company,29-05-62,Delhi,10000000,4837800,15549,Manufacture of food products and beverages,"OFFICE NO-4,FF,CSC POCKET E MARKET, MAYUR VIHAR PHASE-II DELHI , East Delhi Unclassified DL 110091",RoC-Delhi,oakeymohan@gmail.com,31-03-20,31-03-20
L15549DL1981PLC012918,AMRIT INDIA LTD,Active,Public,Company limited by Shares,Non-govt company,29-12-81,Delhi,8650000,8550000,15549,Manufacture of food products and beverages,"202 2 COMMUNITYXNARAINAND NARAINAND NEW DELHI , Unclassified DL 110028",RoC-Delhi,anandmanoja@gmail.com,31-03-20,31-03-20
L17100DL1985PLC303047,SRM ENERGY LIMITED,Active,Public,Company limited by Shares,Non-govt company,03-09-85,Delhi,113000000,90600000,17100,Manufacture of textiles,"21 BASANT LOK COMPLEX VASANT VIHAR New Delhi , New Delhi Unclassified DL 110057",RoC-Delhi,cs@srmenergy.in,31-03-20,31-03-20
L17110DL1993PLC055487,RADHIKA SPINNING MILLS LIMITED,Under liquidation,Public,Company limited by Shares,Non-govt company,04-10-93,Delhi,120000000,54052000,17110,Manufacture of textiles,"20/15, PATEL NAGAR WESTNEW DELHI NEW DELHI , Unclassified DL 000000",RoC-Delhi,NA,NA,NA
L17111DL1980PLC010814,SIDHARTHA SUPER SPINNING MILLS LIMITED,Active,Public,Company limited by Shares,Non-govt company,30-08-80,Delhi,150000000,25000000,17111,Manufacture of textiles,"211 GAGAN DEEP BLD 12 RAJENDRA PLACE NEW DELHI , Unclassified DL 110008",RoC-Delhi,NA,NA,NA
L17111DL1982PLC013790,SHREE WORSTEX LIMITED,Active,Public,Company limited by Shares,Non-govt company,02-06-82,Delhi,35000000,31400000,17111,Manufacture of textiles,"325, IIIrd Floor, Aggarwal Plaza, Sector-14, Rohini New Delhi , North East Unclassified DL 110085",RoC-Delhi,shreeworstex@gmail.com,31-03-20,31-03-19
L17111DL1986PLC024055,INDORAMA SYNTHETICS (INDIA)LIMITED,Not Available for eFiling,Public,Company limited by Shares,Non-govt company,28-04-86,Delhi,10000000,0,17111,Manufacture of textiles,"903, MOHANDEV BLDG. 13,TOLSTOY MARG N DELHI , Unclassified DL 000000",RoC-Delhi,NA,NA,NA
L17120DL1984PLC018729,FIBER PLUS INDUSTRIES LIMITED,Active,Public,Company limited by Shares,Non-govt company,19-07-84,Delhi,32500000,32480000,17120,Manufacture of textiles,"A-19/ B-1 EXTENSION, MOHAN CO OPERATIVE IND ESTATE P.O. BADARPUR, MATHURA ROAD NEW DELHI , South Delhi Unclassified DL 110044",RoC-Delhi,cs@fiberplus.ae,31-03-20,31-03-16
L17120DL2007PLC163192,LORENZINI APPARELS LIMITED,Active,Public,Company limited by Shares,Non-govt company,09-05-07,Delhi,102000000,101389160,17120,Manufacture of textiles,"C-64, OKHLA INDUSTRIAL AREA PHASE-I NEW DELHI , South Delhi Unclassified DL 110020",RoC-Delhi,lorenzini_apparels@yahoo.co.in,31-03-20,31-03-20
L17122DL1989PLC035050,SPORTKING INDIA LIMITED,Active,Public,Company limited by Shares,Non-govt company,15-02-89,Delhi,250000000,133390000,17122,Manufacture of textiles,"5/69, GURU MANSION, PADAM SINGH ROAD, NEW DELHI , Unclassified DL 110005",RoC-Delhi,cs@sportking.co.in,31-03-20,31-03-20
L17122DL1996PLC332121,APLAYA CREATIONS LIMITED,Active,Public,Company limited by Shares,Non-govt company,05-06-96,Delhi,150000000,143800000,17122,Manufacture of textiles,"Unit No. DPT-208, 2ND FLOOR, DLF PRIME TOWERS, F-79-80 OKHLA INDUSTRIAL AREA, PHASE-1, NEW DELHI , South Delhi Unclassified DL 110020",RoC-Delhi,einsedutech@gmail.com,31-03-19,31-03-19
L17226DL1991PLC128367,IDEAL CARPETS LIMITED,Active,Public,Company limited by Shares,Non-govt company,29-07-91,Delhi,75000000,57061870,17226,Manufacture of textiles,"C-4/118,SAFDARJUNG ENCLAVE, NEW DELHI , South Delhi Unclassified DL 110029",RoC-Delhi,idealcarpets@gmail.com,31-03-19,31-03-19
L17291DL2009PLC196375,AKM LACE AND EMBROTEX LIMITED,Active,Public,Company limited by Shares,Non-govt company,26-11-09,Delhi,32000000,30121750,17291,Manufacture of textiles,"IX/6024, Ram Gali, Subhash Mohalla, Gandhi Nagar Delhi , East Delhi Unclassified DL 110031",RoC-Delhi,akmlace@gmail.com,31-03-20,31-03-20
L17299DL1983PLC163230,N K TEXTILE INDUSTRIES LTD,Active,Public,Company limited by Shares,Non-govt company,09-02-83,Delhi,15000000,8398320,17299,Manufacture of textiles,"OMAXE SQUARE, PLOT NO. 14, 5TH FLOOR JASOLA DISTRICT CENTRE, JASOLA, NEW DELHI-110025 NEW DELHI , South Delhi Unclassified DL 110025",RoC-Delhi,n.ktextiles123@gmail.com,31-03-20,31-03-19
L17299DL1994PLC062984,KOUTONS RETAIL INDIA LIMITED,Under liquidation,Public,Company limited by Shares,Non-govt company,25-11-94,Delhi,1000000000,305513970,17299,Manufacture of textiles,"T-60/1, D.C.M. SCHOOL LANENEW ROHTAK ROAD KAROL BAGH,NEW DELHI NEW DELHI , Unclassified DL 000000",RoC-Delhi,info@csnitesh.com,31-03-12,31-03-12
L17300DL1995PLC107286,SRU STEELS LIMITED,Active,Public,Company limited by Shares,Non-govt company,11-09-95,Delhi,95000000,79919000,17300,Manufacture of textiles,"A-48, 1st Floor Wazirpur Industrial Area Delhi , North West Unclassified DL 110052",RoC-Delhi,srusteels@yahoo.in,31-03-20,31-03-20
L17309DL2016PLC307204,DCM NOUVELLE LIMITED,Active,Public,Company limited by Shares,Non-govt company,17-10-16,Delhi,200500000,186777490,17309,Manufacture of textiles,"407, VIKRANT TOWER 4 RAJENDRA PLACE NEW DELHI , Central Delhi Unclassified DL 110008",RoC-Delhi,dcmnouvelleltd@gmail.com,31-03-20,31-03-20
L18100DL1983PLC016354,A F ENTERPRISES LIMITED,Active,Public,Company limited by Shares,Non-govt company,18-08-83,Delhi,245000000,95136360,18100,Manufacture of wearing apparel; dressing and dyeing of fur,"DSM-334, DLF Towers Shivaji Marg, Delhi , Central Delhi Unclassified DL 110015",RoC-Delhi,info.afenterprises@gmail.com,31-03-20,31-03-20
L18101DL1970PLC005197,SRF LIMITED,Active,Public,Company limited by Shares,Non-govt company,09-01-70,Delhi,3360000000,592452050,18101,Manufacture of wearing apparel; dressing and dyeing of fur,"The Galleria, DLF Mayur Vihar, Unit No. 236 & 237 2nd Floor, Mayur Place, Mayur Vihar Phase I Extn. New Delhi , East Delhi Unclassified DL 110091",RoC-Delhi,cs@srf.com,31-03-20,31-03-20
L18101DL1978PLC009241,T T LIMITED,Active,Public,Company limited by Shares,Non-govt company,29-09-78,Delhi,450000000,214981000,18101,Manufacture of wearing apparel; dressing and dyeing of fur,"879 MASTER PRITHVI NATH MARGKAROL BAGH NEW DELHI , Unclassified DL 110005",RoC-Delhi,newdelhi@ttlimited.co.in,31-03-20,31-03-20
L18101DL1984PLC019544,PALOMA KNITWEAR INTERNATIONAL LIMITED,Active,Public,Company limited by Shares,Non-govt company,10-12-84,Delhi,1000000,70,18101,Manufacture of wearing apparel; dressing and dyeing of fur,"3/6, D.B.GUPTA ROAD, PAHARGANJ, NEW DELHI , Unclassified DL 000000",RoC-Delhi,NA,NA,NA
L18101DL1986PLC025638,H-LON HOSIERY LTD.,Dissolved,Public,Company limited by Shares,Non-govt company,01-10-86,Delhi,110000000,0,18101,Manufacture of wearing apparel; dressing and dyeing of fur,"C-4/1, WAZIRPUR INDL.AREA,MAINROAD,NEW DELHI-52 , Unclassified DL 000000",RoC-Delhi,NA,NA,NA
L18101DL1989PLC034528,RIBA TEXTILES LIMITED,Active,Public,Company limited by Shares,Non-govt company,04-01-89,Delhi,151000000,96528700,18101,Manufacture of wearing apparel; dressing and dyeing of fur,"DD-14,NEHRU ENCLAVE, OPP. KALKAJI POST OFFICE NEW DELHI , Unclassified DL 110019",RoC-Delhi,company.affairs@ribatextiles.com,31-03-20,31-03-20
L18101DL1989PLC269075,REGAL ENTERPRISES LTD,Active,Public,Company limited by Shares,Non-govt company,06-11-89,Delhi,35000000,31648000,18101,Manufacture of wearing apparel; dressing and dyeing of fur,"R-17a, 3rd Floor, 2nd Colony Raghubir Nagar, Near 25sq.Yds, Delhi , New Delhi Unclassified DL 110027",RoC-Delhi,regalenterpriseslimited@gmail.com,31-03-20,31-03-20
L18101DL2003PLC121698,AVSL INDUSTRIES LIMITED,Active,Public,Company limited by Shares,Non-govt company,08-08-03,Delhi,60000000,53311200,18101,Manufacture of wearing apparel; dressing and dyeing of fur,"UNIT NO. 1001, 10th Floor, NDM-2,WAZIRPUR DISTRICT CENTRE, NETAJI SUBHASH PLACE, PITAMPURA NEW DELHI , North West Unclassified DL 110034",RoC-Delhi,avslagricom@gmail.com,31-03-20,31-03-20
L18101DL2005PLC134879,INDOSOLAR LIMITED,Active,Public,Company limited by Shares,Non-govt company,08-04-05,Delhi,10000000000,3720671000,18101,Manufacture of wearing apparel; dressing and dyeing of fur,"C-12 FRIENDS COLONY (EAST) NEW DELHI , Unclassified DL 110065",RoC-Delhi,ANANDAGARWAL49@GMAIL.COM,31-03-18,31-03-19
L19201DL1989PLC035728,VISHAL FOOTWEAR LIMITED,Active,Public,Company limited by Shares,Non-govt company,03-04-89,Delhi,50000000,28409000,19201,"Tanning and dressing of leather; manufacture of luggage, handbags, saddlery, harness and footwear","SHOP NO.123, PLOT NO.23 VARDAMAN CHARVE, PLAZA K.P.BLOCK COMM, COMPLEX PRITAMPUR NEW DELHI , New Delhi Unclassified DL 110034",RoC-Delhi,yaduka248@gmail.com,31-03-18,31-03-18
L20765DL1985PLC020765,MUNAK GALVA SHEETS LIMITED,Active,Public,Company limited by Shares,Non-govt company,24-04-85,Delhi,200000000,61142500,20765,"Manufacture of wood and of products of wood and cork, except furniture; manufacture of articles of straw and plaiting materials","42 COMMUNITY CENTRE FRIENDS COLONY N.DELHI , Unclassified DL 110065",RoC-Delhi,NA,NA,NA
L21011DL1974PLC241646,OMANSH ENTERPRISES LIMITED,Active,Public,Company limited by Shares,Non-govt company,20-03-74,Delhi,35500000,35500000,21011,Manufacture of paper and paper products,"SHOP NO. QD-37, DDA MARKET, PITAMPURA NEW DELHI , North West Unclassified DL 110034",RoC-Delhi,omanshwork@gmail.com,31-03-18,31-03-18
L21012DL1972PLC279773,SHREE KRISHNA PAPER MILLS & INDUSTRIESLTD,Active,Public,Company limited by Shares,Non-govt company,14-09-72,Delhi,250000000,135216800,21012,Manufacture of paper and paper products,"4830/24, PRAHLAD STREET ANSARI ROAD, DARYA GANJ NEW DELHI , Central Delhi Unclassified DL 110002",RoC-Delhi,cs@skpmil.com,31-03-20,31-03-20
L21022DL1986PLC024750,BEST BOARD LIMITED,Dissolved,Public,Company limited by Shares,Non-govt company,08-07-86,Delhi,150000000,52926,21022,Manufacture of paper and paper products,"BHARAT YUVAK BHAWAN,I.JAISINGH ROAD N.DELHI. , Unclassified DL 000000",RoC-Delhi,NA,NA,NA
L21090DL1995PLC066281,B J DUPLEX BOARDS LIMITED,Active,Public,Company limited by Shares,Non-govt company,13-03-95,Delhi,120000000,3766200,21090,Manufacture of paper and paper products,"H. NO. 83, T/F CHAWRI BAZAR, DELHI DELHI , North Delhi Unclassified DL 110006",RoC-Delhi,admin@anandpulp.com,31-03-20,31-03-20
L21093DL1980PLC010492,MAGNUM VENTURES LIMITED.,Active,Public,Company limited by Shares,Non-govt company,29-05-80,Delhi,690000000,376018840,21093,Manufacture of paper and paper products,"Street No. 3, Ansari Road Office No. 205, 2nd Floor, Building No.4326 Darya Ganj , Unclassified DL 110002",RoC-Delhi,magnumventures@gmail.com,31-03-20,31-03-20
L21093DL1992PLC116600,MOHIT PAPER MILLS LIMITED,Active,Public,Company limited by Shares,Non-govt company,30-06-92,Delhi,175000000,140000000,21093,Manufacture of paper and paper products,"15A/13UPPER GROUND FLOOR EAST PATEL NAGAR NEW DELHI , Unclassified DL 110008",RoC-Delhi,mohit.paper@rediffmail.com,31-03-20,31-03-20
L21100DL1983PLC334800,ALCHEMIST REALTY LIMITED,Active,Public,Company limited by Shares,Non-govt company,03-03-83,Delhi,160000000,148202000,21100,Manufacture of paper and paper products,"Building 23,Nehru Place Delhi , New Delhi Unclassified DL 110019",RoC-Delhi,investors.realty@alchemist.co.in,31-03-19,31-03-19
L22100DL1990PLC039464,SHARPLINE BROADCAST LIMITED,Active,Public,Company limited by Shares,Non-govt company,09-03-90,Delhi,115000000,115000000,22100,"Manufacture:Publishing, printing and reproduction of recorded media","37th Second Floor, Rani Jhansi Road Motia khan, Paharganj Delhi , Central Delhi Unclassified DL 110055",RoC-Delhi,sharplinebroadcastlimited@gmail.com,31-03-20,31-03-20
L22121DL2002PLC117874,HT MEDIA LIMITED,Active,Public,Company limited by Shares,Non-govt company,03-12-02,Delhi,725000000,465496628,22121,"Manufacture:Publishing, printing and reproduction of recorded media","18-20, KASTURBA GANDHI MARG, NEW DELHI , Unclassified DL 110001",RoC-Delhi,investor@hindustantimes.com,31-03-20,31-03-20
L22122DL1993PLC123728,ETT LIMITED,Active,Public,Company limited by Shares,Non-govt company,11-11-93,Delhi,210000000,103686600,22122,"Manufacture:Publishing, printing and reproduction of recorded media","17 HEMKUNT COLONY NEW DELHI , Unclassified DL 110048",RoC-Delhi,secretarial@ettgroup.in,31-03-20,31-03-20
L22219DL1970PLC005400,S CHAND AND COMPANY LIMITED,Active,Public,Company limited by Shares,Non-govt company,09-09-70,Delhi,200000000,174876435,22219,"Manufacture:Publishing, printing and reproduction of recorded media","A-27, 2nd Floor, Mohan Co-operative Industrial Estate, New Delhi , South Delhi Unclassified DL 110044",RoC-Delhi,jsingh.del@schandgroup.com,31-03-20,31-03-20
L22219DL1980PLC167850,SHREE JAGDAMBE PAPER MILLS LTD,Active,Public,Company limited by Shares,Non-govt company,31-07-80,Delhi,50000000,30004000,22219,"Manufacture:Publishing, printing and reproduction of recorded media","161, DEEPALI, GATE NO. 1, PITAMPURA DELHI , Unclassified DL 110034",RoC-Delhi,SJPM@REDIFFMAIL.COM,31-03-20,31-03-20
L22219DL1992PLC048398,CORAL NEWSPRINTS LIMITED,Active,Public,Company limited by Shares,Non-govt company,21-04-92,Delhi,55000000,50527000,22219,"Manufacture:Publishing, printing and reproduction of recorded media","A-138VIKAS MARG SHAKARPUR NEW DELHI , East Delhi Unclassified DL 110092",RoC-Delhi,cnpl_5000@rediffmail.com,31-03-19,31-03-20
L23201DL1998PLC097614,INDRAPRASTHA GAS LIMITED,Active,Public,Company limited by Shares,Non-govt company,23-12-98,Delhi,2200000000,1400001600,23201,"Manufacture of coke, refined petroleum products and nuclear fuel","IGL BHAWAN, PLOT NO.4, COMMUNITY CENTRE SECTOR-9, R. K. PURAM NEW DELHI , Unclassified DL 110022",RoC-Delhi,investors@igl.co.in,31-03-20,31-03-20
L23201DL2001PLC174076,SALASAR TECHNO ENGINEERING LIMITED,Active,Public,Company limited by Shares,Non-govt company,24-10-01,Delhi,205000000,142852640,23201,"Manufacture of coke, refined petroleum products and nuclear fuel","E-20, , South Extension I, New Delhi Delhi , South Delhi Unclassified DL 110049",RoC-Delhi,towers@salasartechno.com,31-03-20,31-03-20
L23209DL1991PLC219214,INTERLINK PETROLEUM LIMITED,Under liquidation,Public,Company limited by Shares,Non-govt company,20-08-91,Delhi,300000000,249212000,23209,"Manufacture of coke, refined petroleum products and nuclear fuel","105,1st Floor, 389-A, South Ex Plaza-1 Masjid Moth, South Extn. Part-II New Delhi , South Delhi Unclassified DL 110049",RoC-Delhi,secretarial@interlinkpetroleum.com,31-03-18,31-03-18
L24100DL1986PLC234423,JYOTIRGAMYA ENTERPRISES LIMITED,Active,Public,Company limited by Shares,Non-govt company,25-09-86,Delhi,28000000,25474000,24100,Manufacture of chemicals and chemical products,"A1-G1, Ground Floor, Dilshad Garden, Shahdara Delhi , East Delhi Unclassified DL 110095",RoC-Delhi,jyotirgamyaenterprises@gmail.com,31-03-20,31-03-20
L24119DL1981PLC040762,SHREEKANT CHEMICAL INDUSTRIES LIMITED,Active,Public,Company limited by Shares,Non-govt company,04-06-81,Delhi,2500000,2450000,24119,Manufacture of chemicals and chemical products,"SHOP NO. 2, GROUND FLOOR, 13/82, SUBHASH NAGAR, NEW DELHI , West Delhi Unclassified DL 110027",RoC-Delhi,rohit.v72@gmail.com,31-03-20,31-03-20
L24119DL1989PLC036264,BHARAT RASAYAN LIMITED,Active,Public,Company limited by Shares,Non-govt company,15-05-89,Delhi,200000000,42487000,24119,Manufacture of chemicals and chemical products,"1501VIKRAM TOWER RAJENDERA PLACE NEW DELHI , Unclassified DL 110008",RoC-Delhi,dhawan@bharatgroup.co.in,31-03-20,31-03-20
L24119DL2002PLC114026,HPC BIOSCIENCES LIMITED,Active,Public,Company limited by Shares,Non-govt company,29-01-02,Delhi,250000000,159600000,24119,Manufacture of chemicals and chemical products,"OFFICE NO. 109, FIRST FLOOR PLOT NO.22, POOJA COMPLEX, Veer Savarkar Block, Sh DELHI , East Delhi Unclassified DL 110092",RoC-Delhi,hpcbiosci@yahoo.com,31-03-19,31-03-19
L24219DL1985PLC020126,DHANUKA AGRITECH LIMITED,Active,Public,Company limited by Shares,Non-govt company,13-02-85,Delhi,290000000,95156648,24219,Manufacture of chemicals and chemical products,"82, Abhinash Mansion, 1st Floor Joshi Road, Karol Bagh New Delhi , Central Delhi Unclassified DL 110005",RoC-Delhi,investors@dhanuka.com,31-03-20,31-03-20
L24219DL2006PLC145092,SIRCA PAINTS INDIA LIMITED,Active,Public,Company limited by Shares,Non-govt company,19-01-06,Delhi,320000000,274044000,24219,Manufacture of chemicals and chemical products,"PLOT NO. 50, PHASE-2, BADLI, INDUSTRIAL AREA DELHI , North West Unclassified DL 110042",RoC-Delhi,cs@sircapaints.com,31-03-20,31-03-20
L24229DL1976PLC008352,KEWAL SOLVENT LIMITED,Not Available for eFiling,Public,Company limited by Shares,Non-govt company,04-10-76,Delhi,20000000,700,24229,Manufacture of chemicals and chemical products,"324, KARAWAL NAGAR, SHAHDARA,DELHI , Unclassified DL 000000",RoC-Delhi,NA,NA,NA
L24230DL1975PLC007908,DABUR INDIA LIMITED,Active,Public,Company limited by Shares,Non-govt company,16-09-75,Delhi,2070000000,1767425349,24230,Manufacture of chemicals and chemical products,"8/3 ASAF ALI ROAD NEW DELHI , Unclassified DL 110002",RoC-Delhi,INVESTORS@DABUR.COM,31-03-20,31-03-20
L24232DL1988PLC030958,INDRAPRASTHA MEDICAL CORPORATION LIMITED,Active,Public,Company limited by Shares,Non-govt company,16-03-88,Delhi,1000000000,916730000,24232,Manufacture of chemicals and chemical products,"SARITA VIHAR MATHURA ROAD NEW DELHI , Unclassified DL 110076",RoC-Delhi,imclshares@apollohospitalsdelhi.com,31-03-20,31-03-20
L24232DL1992PLC227186,SURYA PHARMACEUTICAL LIMITED,Active,Public,Company limited by Shares,Non-govt company,25-03-92,Delhi,1000000000,202752380,24232,Manufacture of chemicals and chemical products,"1596 , 1ST FLOOR BHAGIRATH PALACE , CHANDNI CHOWNK DELHI , Unclassified DL 110006",RoC-Delhi,secretarial@suryapharma.com,31-03-14,31-03-12
L24232DL1996PLC227773,WELCURE DRUGS AND PHARMACEUTICALS LTD. (TRANSFER FROM DELHI),Active,Public,Company limited by Shares,Non-govt company,06-08-96,Delhi,160000000,121185575,24232,Manufacture of chemicals and chemical products,"B-9& 10, Laxmi Towers LSC, C-Block, Saraswati Vihar Delhi , Unclassified DL 110034",RoC-Delhi,investor.welcure@gmail.com,31-03-20,31-03-20
L24233DL1994PLC290133,SAFAL HERBS LIMITED,Active,Public,Company limited by Shares,Non-govt company,27-09-94,Delhi,110000000,100000000,24233,Manufacture of chemicals and chemical products,"A-66, 2ND FLOOR, GURU NANAK PURA, VIKAS MARG, LAXMI NAGAR, DELHI , East Delhi Unclassified DL 110092",RoC-Delhi,parikhherbals@gmail.com,31-03-18,31-03-19
L24233DL2011PLC282949,RAM MINERALS AND CHEMICALS LIMITED,Active,Public,Company limited by Shares,Non-govt company,02-03-11,Delhi,206000000,205790100,24233,Manufacture of chemicals and chemical products,"1514-1515, Kucha Seth, Dariba Kalan, Chandni Chowk, Delhi-110006 Delhi , Central Delhi Unclassified DL 110006",RoC-Delhi,icvlchemicals@gmail.com,31-03-17,31-03-19
L24239DL1986PLC025187,ANMOL DRUGS AND PHARMACEUTICALS LIMITED,Active,Public,Company limited by Shares,Non-govt company,21-08-86,Delhi,75000000,66617000,24239,Manufacture of chemicals and chemical products,"1496, RAM GALI BHAGIRATHPALACE, CHANDNI CHOWK. DELHI , Central Delhi Unclassified DL 110006",RoC-Delhi,rajat.jain2007@rediffmail.com,31-03-20,31-03-20
L24239DL1988PLC031972,NOIDA MEDICARE CENTRE LIMITED,Active,Public,Company limited by Shares,Non-govt company,07-06-88,Delhi,250000000,144585000,24239,Manufacture of chemicals and chemical products,"E-485, 2ND FLOOR,NEAR OLD POLICE STATION OPPOSITE PUNIT APARTMENT,NEW ASHOK NAGAR DELHI , East Delhi Unclassified DL 110096",RoC-Delhi,nmc@nmc.co.in,31-03-19,31-03-19
L24302DL1973PLC189662,SUNIL HEALTHCARE LIMITED,Active,Public,Company limited by Shares,Non-govt company,05-02-73,Delhi,170000000,160797500,24302,Manufacture of chemicals and chemical products,"38E/252A, VIJAY TOWER SHAHPURJAT NEW DELHI , Unclassified DL 110049",RoC-Delhi,cs@sunilhealthcare.com,31-03-20,31-03-20
L25111DL1964PLC004235,JAIN TUBE COMPANY LIMITED,Active,Public,Company limited by Shares,Non-govt company,01-08-64,Delhi,100000000,17935000,25111,Manufacture of rubber and plastics products,"B- 292, OFFICE No. 303, Third Floor, Chandra Kanta Complex, New Ashok Nagar New Delhi , East Delhi Unclassified DL 110096",RoC-Delhi,jaintubes.india@gmail.com,31-03-20,31-03-20
L25111DL1995PLC073719,VIKAS MULTICORP LIMITED,Active,Public,Company limited by Shares,Non-govt company,09-11-95,Delhi,670000000,663495495,25111,Manufacture of rubber and plastics products,"G-1 34/1, East Punjabi Bagh New Delhi , West Delhi Unclassified DL 110026",RoC-Delhi,cs@vikasmulticorp.com,31-03-20,31-03-20
L25199DL1980PLC010173,COSCO (INDIA) LIMITED,Active,Public,Company limited by Shares,Non-govt company,25-01-80,Delhi,100000000,41610000,25199,Manufacture of rubber and plastics products,"2/8, ROOP NAGAR DELHI , Unclassified DL 110007",RoC-Delhi,mail@cosco.in,31-03-20,31-03-20
L25202DL1990PLC039395,PADMINI TECHNOLOGIES LIMITED.,Active,Public,Company limited by Shares,Non-govt company,02-03-90,Delhi,3000000000,515622470,25202,Manufacture of rubber and plastics products,"101-C, IST FLOOR, KUNDAN NIWAS, HARI NAGAR ASHRAM NEW DELHI , Unclassified DL 110014",RoC-Delhi,padminitechnologies@gmail.com,31-03-20,31-03-20
